"gender","Rata-Rata Umur"
,
0,40.3264462809917355
1,39.1414634146341463
