"Marital Status","Rata-Rata Umur"
,
"",31.3333333333333333
Married,43.0382352941176471
Single,29.3846153846153846
